{
  "CLAUDE.md": 1777353379.0666556,
  "README.md": 1777253812.0115094,
  "USER.md": 1777353240.1585479,
  "docs\\methodology.md": 1777253812.0125093
}